protocol,hold_us,run,attempts,successful_updates,busy_updates,logical_updates_started,first_attempt_successes,dispatch_attempts,scheduled_releases,missed_releases,transition_busy_skips,execution_busy_skips,empty_skips,skips_per_successful_update,first_attempt_success_rate,update_success_rate,program_bytes_one,program_bytes_two
atomic,0,0,1000,1000,0,1000,1000,1000,1000,0,0,0,0,0.0,1.0,1.0,16,32
atomic,0,1,1000,1000,0,1000,1000,1000,1000,0,0,0,0,0.0,1.0,1.0,16,32
atomic,0,2,1000,1000,0,1000,1000,1000,1000,0,0,0,0,0.0,1.0,1.0,16,32
atomic,0,3,1000,1000,0,1000,1000,1000,1000,0,0,0,0,0.0,1.0,1.0,16,32
atomic,0,4,1000,1000,0,1000,1000,1000,1000,0,0,0,0,0.0,1.0,1.0,16,32
atomic,0,5,1000,1000,0,1000,1000,1000,1000,0,0,0,0,0.0,1.0,1.0,16,32
atomic,0,6,1000,1000,0,1000,1000,1000,1000,0,0,0,0,0.0,1.0,1.0,16,32
atomic,0,7,1000,1000,0,1000,1000,1000,1000,0,0,0,0,0.0,1.0,1.0,16,32
atomic,0,8,1000,1000,0,1000,1000,998,1000,2,0,0,0,0.0,1.0,1.0,16,32
atomic,0,9,1000,1000,0,1000,1000,992,1000,8,0,0,0,0.0,1.0,1.0,16,32
atomic,10,0,1000,1000,0,1000,1000,1000,1000,0,0,0,0,0.0,1.0,1.0,16,32
atomic,10,1,1000,1000,0,1000,1000,1000,1000,0,0,0,0,0.0,1.0,1.0,16,32
atomic,10,2,1000,1000,0,1000,1000,1000,1000,0,0,0,0,0.0,1.0,1.0,16,32
atomic,10,3,1000,1000,0,1000,1000,1000,1000,0,0,0,0,0.0,1.0,1.0,16,32
atomic,10,4,1000,1000,0,1000,1000,1000,1000,0,0,0,0,0.0,1.0,1.0,16,32
atomic,10,5,1000,1000,0,1000,1000,1000,1000,0,0,0,0,0.0,1.0,1.0,16,32
atomic,10,6,1000,1000,0,1000,1000,1000,1000,0,0,0,0,0.0,1.0,1.0,16,32
atomic,10,7,1000,1000,0,1000,1000,1000,1000,0,0,0,0,0.0,1.0,1.0,16,32
atomic,10,8,1000,1000,0,1000,1000,1000,1000,0,0,0,0,0.0,1.0,1.0,16,32
atomic,10,9,1000,1000,0,1000,1000,994,1000,6,0,0,0,0.0,1.0,1.0,16,32
atomic,100,0,1000,1000,0,1000,1000,1000,1000,0,0,0,0,0.0,1.0,1.0,16,32
atomic,100,1,1000,1000,0,1000,1000,1000,1000,0,0,0,0,0.0,1.0,1.0,16,32
atomic,100,2,1000,1000,0,1000,1000,1000,1000,0,0,0,0,0.0,1.0,1.0,16,32
atomic,100,3,1000,1000,0,1000,1000,1000,1000,0,0,0,0,0.0,1.0,1.0,16,32
atomic,100,4,1000,1000,0,1000,1000,1000,1000,0,0,0,0,0.0,1.0,1.0,16,32
atomic,100,5,1000,1000,0,1000,1000,1000,1000,0,0,0,0,0.0,1.0,1.0,16,32
atomic,100,6,1000,1000,0,1000,1000,1000,1000,0,0,0,0,0.0,1.0,1.0,16,32
atomic,100,7,1000,1000,0,1000,1000,1000,1000,0,0,0,0,0.0,1.0,1.0,16,32
atomic,100,8,1000,1000,0,1000,1000,993,1002,9,0,0,0,0.0,1.0,1.0,16,32
atomic,100,9,1000,1000,0,1000,1000,984,1000,16,0,0,0,0.0,1.0,1.0,16,32
atomic,500,0,1000,1000,0,1000,1000,1000,1000,0,0,0,0,0.0,1.0,1.0,16,32
atomic,500,1,1000,1000,0,1000,1000,999,1000,1,0,0,0,0.0,1.0,1.0,16,32
atomic,500,2,1000,1000,0,1000,1000,1000,1000,0,0,0,0,0.0,1.0,1.0,16,32
atomic,500,3,1000,1000,0,1000,1000,1000,1000,0,0,0,0,0.0,1.0,1.0,16,32
atomic,500,4,1000,1000,0,1000,1000,1000,1000,0,0,0,0,0.0,1.0,1.0,16,32
atomic,500,5,1000,1000,0,1000,1000,1000,1000,0,0,0,0,0.0,1.0,1.0,16,32
atomic,500,6,1000,1000,0,1000,1000,998,1000,2,0,0,0,0.0,1.0,1.0,16,32
atomic,500,7,1000,1000,0,1000,1000,1000,1000,0,0,0,0,0.0,1.0,1.0,16,32
atomic,500,8,1000,1000,0,1000,1000,998,1000,2,0,0,0,0.0,1.0,1.0,16,32
atomic,500,9,1000,1000,0,1000,1000,995,1000,5,0,0,0,0.0,1.0,1.0,16,32
guarded,0,0,1000,1000,0,1000,1000,1000,1000,0,7,0,0,0.007,1.0,1.0,16,32
guarded,0,1,1000,1000,0,1000,1000,1000,1000,0,3,0,0,0.003,1.0,1.0,16,32
guarded,0,2,1000,998,2,998,996,1000,1000,0,4,0,0,0.004008016032064128,0.9979959919839679,0.998,16,32
guarded,0,3,1000,999,1,999,998,1000,1000,0,4,0,0,0.004004004004004004,0.998998998998999,0.999,16,32
guarded,0,4,1000,1000,0,1000,1000,1000,1000,0,2,0,0,0.002,1.0,1.0,16,32
guarded,0,5,1000,1000,0,1000,1000,1000,1000,0,4,0,0,0.004,1.0,1.0,16,32
guarded,0,6,1000,1000,0,1000,1000,1000,1000,0,3,0,0,0.003,1.0,1.0,16,32
guarded,0,7,1000,1000,0,1000,1000,1000,1000,0,11,0,0,0.011,1.0,1.0,16,32
guarded,0,8,1000,999,1,999,998,1000,1000,0,6,0,0,0.006006006006006006,0.998998998998999,0.999,16,32
guarded,0,9,1000,999,1,999,998,983,1000,17,23,0,0,0.023023023023023025,0.998998998998999,0.999,16,32
guarded,10,0,1000,987,13,987,974,1000,1000,0,5,0,0,0.005065856129685917,0.9868287740628167,0.987,16,32
guarded,10,1,1000,989,11,989,978,1000,1000,0,4,0,0,0.004044489383215369,0.9888776541961577,0.989,16,32
guarded,10,2,1000,990,10,990,980,1000,1000,0,3,0,0,0.0030303030303030303,0.98989898989899,0.99,16,32
guarded,10,3,1000,989,11,989,978,1000,1000,0,4,0,0,0.004044489383215369,0.9888776541961577,0.989,16,32
guarded,10,4,1000,988,12,988,976,998,1000,2,4,0,0,0.004048582995951417,0.9878542510121457,0.988,16,32
guarded,10,5,1000,990,10,990,980,1000,1000,0,7,0,0,0.007070707070707071,0.98989898989899,0.99,16,32
guarded,10,6,1000,987,13,987,974,1000,1000,0,4,0,0,0.004052684903748734,0.9868287740628167,0.987,16,32
guarded,10,7,1000,989,11,989,978,1000,1000,0,8,0,0,0.008088978766430738,0.9888776541961577,0.989,16,32
guarded,10,8,1000,990,10,990,980,997,1000,3,11,0,0,0.011111111111111112,0.98989898989899,0.99,16,32
guarded,10,9,1000,983,17,983,966,990,1000,10,26,0,0,0.026449643947100712,0.982706002034588,0.983,16,32
guarded,100,0,1000,898,102,898,796,1000,1000,0,3,0,0,0.0033407572383073497,0.8864142538975501,0.898,16,32
guarded,100,1,1000,898,102,898,796,1000,1000,0,3,0,0,0.0033407572383073497,0.8864142538975501,0.898,16,32
guarded,100,2,1000,896,104,897,793,1000,1000,0,2,0,0,0.002232142857142857,0.8840579710144928,0.896,16,32
guarded,100,3,1000,898,102,898,796,1000,1000,0,4,0,0,0.004454342984409799,0.8864142538975501,0.898,16,32
guarded,100,4,1000,905,95,905,810,1000,1000,0,6,0,0,0.0066298342541436465,0.8950276243093923,0.905,16,32
guarded,100,5,1000,902,98,902,804,1000,1000,0,4,0,0,0.004434589800443459,0.8913525498891353,0.902,16,32
guarded,100,6,1000,900,100,900,800,1000,1000,0,5,0,0,0.005555555555555556,0.8888888888888888,0.9,16,32
guarded,100,7,1000,899,101,899,798,1000,1000,0,7,0,0,0.00778642936596218,0.8876529477196885,0.899,16,32
guarded,100,8,1000,881,119,881,782,991,1002,11,18,0,0,0.02043132803632236,0.887627695800227,0.881,16,32
guarded,100,9,1000,904,96,904,808,995,1000,5,23,0,0,0.025442477876106196,0.8938053097345132,0.904,16,32
guarded,500,0,1000,502,498,502,364,1000,1000,0,6,0,0,0.01195219123505976,0.7250996015936255,0.502,16,32
guarded,500,1,1000,496,504,496,359,1000,1000,0,3,0,0,0.006048387096774193,0.7237903225806451,0.496,16,32
guarded,500,2,1000,497,503,498,360,1000,1000,0,5,0,0,0.01006036217303823,0.7228915662650602,0.497,16,32
guarded,500,3,1000,498,502,499,361,1000,1000,0,4,0,0,0.008032128514056224,0.7234468937875751,0.498,16,32
guarded,500,4,1000,502,498,503,359,1000,1000,0,6,0,0,0.01195219123505976,0.7137176938369781,0.502,16,32
guarded,500,5,1000,483,517,484,337,1000,1000,0,8,0,0,0.016563146997929608,0.6962809917355371,0.483,16,32
guarded,500,6,1000,495,505,496,359,1000,1000,0,2,0,0,0.00404040404040404,0.7237903225806451,0.495,16,32
guarded,500,7,1000,499,501,499,362,1000,1000,0,5,0,0,0.01002004008016032,0.7254509018036072,0.499,16,32
guarded,500,8,1000,505,495,505,365,983,1000,17,25,0,0,0.04950495049504951,0.7227722772277227,0.505,16,32
guarded,500,9,1000,505,495,505,365,996,1000,4,31,0,0,0.061386138613861385,0.7227722772277227,0.505,16,32
